DATAFLOW,MEASURE,REGION,FREQ,TIME_PERIOD,OBS_VALUE,UNIT_MEASURE,UNIT_MULT,OBS_STATUS,OBS_COMMENT
ABS:RES_DWELL(1.0.0),3,3GBRI,Q,2002-Q1,185,,,,
ABS:RES_DWELL(1.0.0),3,3GBRI,Q,2002-Q2,182.6,,,,
ABS:RES_DWELL(1.0.0),3,3GBRI,Q,2002-Q3,198,,,,
ABS:RES_DWELL(1.0.0),3,3GBRI,Q,2002-Q4,208,,,,
ABS:RES_DWELL(1.0.0),3,3GBRI,Q,2003-Q1,225,,,,
ABS:RES_DWELL(1.0.0),3,3GBRI,Q,2003-Q2,240,,,,
ABS:RES_DWELL(1.0.0),3,3GBRI,Q,2003-Q3,269,,,,
ABS:RES_DWELL(1.0.0),3,3GBRI,Q,2003-Q4,296.4,,,,
ABS:RES_DWELL(1.0.0),3,3GBRI,Q,2004-Q1,302.7,,,,
ABS:RES_DWELL(1.0.0),3,3GBRI,Q,2004-Q2,305,,,,
ABS:RES_DWELL(1.0.0),3,3GBRI,Q,2004-Q3,305,,,,
ABS:RES_DWELL(1.0.0),3,3GBRI,Q,2004-Q4,310,,,,
ABS:RES_DWELL(1.0.0),3,3GBRI,Q,2005-Q1,312,,,,
ABS:RES_DWELL(1.0.0),3,3GBRI,Q,2005-Q2,312,,,,
ABS:RES_DWELL(1.0.0),3,3GBRI,Q,2005-Q3,314.9,,,,
ABS:RES_DWELL(1.0.0),3,3GBRI,Q,2005-Q4,320,,,,
ABS:RES_DWELL(1.0.0),3,3GBRI,Q,2006-Q1,325,,,,
ABS:RES_DWELL(1.0.0),3,3GBRI,Q,2006-Q2,330,,,,
ABS:RES_DWELL(1.0.0),3,3GBRI,Q,2006-Q3,335,,,,
ABS:RES_DWELL(1.0.0),3,3GBRI,Q,2006-Q4,343.5,,,,
ABS:RES_DWELL(1.0.0),3,3GBRI,Q,2007-Q1,352,,,,
ABS:RES_DWELL(1.0.0),3,3GBRI,Q,2007-Q2,375,,,,
ABS:RES_DWELL(1.0.0),3,3GBRI,Q,2007-Q3,390,,,,
ABS:RES_DWELL(1.0.0),3,3GBRI,Q,2007-Q4,415,,,,
ABS:RES_DWELL(1.0.0),3,3GBRI,Q,2008-Q1,425,,,,
ABS:RES_DWELL(1.0.0),3,3GBRI,Q,2008-Q2,425,,,,
ABS:RES_DWELL(1.0.0),3,3GBRI,Q,2008-Q3,410,,,,
ABS:RES_DWELL(1.0.0),3,3GBRI,Q,2008-Q4,399,,,,
ABS:RES_DWELL(1.0.0),3,3GBRI,Q,2009-Q1,400,,,,
ABS:RES_DWELL(1.0.0),3,3GBRI,Q,2009-Q2,420,,,,
ABS:RES_DWELL(1.0.0),3,3GBRI,Q,2009-Q3,430,,,,
ABS:RES_DWELL(1.0.0),3,3GBRI,Q,2009-Q4,455,,,,
ABS:RES_DWELL(1.0.0),3,3GBRI,Q,2010-Q1,460,,,,
ABS:RES_DWELL(1.0.0),3,3GBRI,Q,2010-Q2,465,,,,
ABS:RES_DWELL(1.0.0),3,3GBRI,Q,2010-Q3,460,,,,
ABS:RES_DWELL(1.0.0),3,3GBRI,Q,2010-Q4,460,,,,
ABS:RES_DWELL(1.0.0),3,3GBRI,Q,2011-Q1,450,,,,
ABS:RES_DWELL(1.0.0),3,3GBRI,Q,2011-Q2,442,,,,
ABS:RES_DWELL(1.0.0),3,3GBRI,Q,2011-Q3,433,,,,
ABS:RES_DWELL(1.0.0),3,3GBRI,Q,2011-Q4,430,,,,
ABS:RES_DWELL(1.0.0),3,3GBRI,Q,2012-Q1,430,,,,
ABS:RES_DWELL(1.0.0),3,3GBRI,Q,2012-Q2,435,,,,
ABS:RES_DWELL(1.0.0),3,3GBRI,Q,2012-Q3,435,,,,
ABS:RES_DWELL(1.0.0),3,3GBRI,Q,2012-Q4,440,,,,
ABS:RES_DWELL(1.0.0),3,3GBRI,Q,2013-Q1,440,,,,
ABS:RES_DWELL(1.0.0),3,3GBRI,Q,2013-Q2,445,,,,
ABS:RES_DWELL(1.0.0),3,3GBRI,Q,2013-Q3,449,,,,
ABS:RES_DWELL(1.0.0),3,3GBRI,Q,2013-Q4,465,,,,
ABS:RES_DWELL(1.0.0),3,3GBRI,Q,2014-Q1,448,,,,
ABS:RES_DWELL(1.0.0),3,3GBRI,Q,2014-Q2,459,,,,
ABS:RES_DWELL(1.0.0),3,3GBRI,Q,2014-Q3,451,,,,
ABS:RES_DWELL(1.0.0),3,3GBRI,Q,2014-Q4,467,,,,
ABS:RES_DWELL(1.0.0),3,3GBRI,Q,2015-Q1,462.8,,,,
ABS:RES_DWELL(1.0.0),3,3GBRI,Q,2015-Q2,465,,,,
ABS:RES_DWELL(1.0.0),3,3GBRI,Q,2015-Q3,475,,,,
ABS:RES_DWELL(1.0.0),3,3GBRI,Q,2015-Q4,490,,,,
ABS:RES_DWELL(1.0.0),3,3GBRI,Q,2016-Q1,483.5,,,,
ABS:RES_DWELL(1.0.0),3,3GBRI,Q,2016-Q2,495,,,,
ABS:RES_DWELL(1.0.0),3,3GBRI,Q,2016-Q3,500,,,,
ABS:RES_DWELL(1.0.0),3,3GBRI,Q,2016-Q4,515,,,,
ABS:RES_DWELL(1.0.0),3,3GBRI,Q,2017-Q1,510,,,,
ABS:RES_DWELL(1.0.0),3,3GBRI,Q,2017-Q2,518,,,,
ABS:RES_DWELL(1.0.0),3,3GBRI,Q,2017-Q3,525,,,,
ABS:RES_DWELL(1.0.0),3,3GBRI,Q,2017-Q4,535,,,,
ABS:RES_DWELL(1.0.0),3,3GBRI,Q,2018-Q1,526,,,,
ABS:RES_DWELL(1.0.0),3,3GBRI,Q,2018-Q2,532,,,,
ABS:RES_DWELL(1.0.0),3,3GBRI,Q,2018-Q3,540,,,,
ABS:RES_DWELL(1.0.0),3,3GBRI,Q,2018-Q4,540,,,,
ABS:RES_DWELL(1.0.0),3,3GBRI,Q,2019-Q1,533,,,,
ABS:RES_DWELL(1.0.0),3,3GBRI,Q,2019-Q2,538,,,,
ABS:RES_DWELL(1.0.0),3,3GBRI,Q,2019-Q3,540,,,,
ABS:RES_DWELL(1.0.0),3,3GBRI,Q,2019-Q4,550,,,,
ABS:RES_DWELL(1.0.0),3,3GBRI,Q,2020-Q1,540,,,,
ABS:RES_DWELL(1.0.0),3,3GBRI,Q,2020-Q2,547,,,,
ABS:RES_DWELL(1.0.0),3,3GBRI,Q,2020-Q3,555,,,,
ABS:RES_DWELL(1.0.0),3,3GBRI,Q,2020-Q4,575,,,,
ABS:RES_DWELL(1.0.0),3,3GBRI,Q,2021-Q1,600,,,,
ABS:RES_DWELL(1.0.0),3,3GBRI,Q,2021-Q2,630,,,,
ABS:RES_DWELL(1.0.0),3,3GBRI,Q,2021-Q3,657,,,,
ABS:RES_DWELL(1.0.0),3,3GBRI,Q,2021-Q4,750,,,,
ABS:RES_DWELL(1.0.0),3,3GBRI,Q,2022-Q1,765,,,,
ABS:RES_DWELL(1.0.0),3,3GBRI,Q,2022-Q2,773,,,,
ABS:RES_DWELL(1.0.0),3,3GBRI,Q,2022-Q3,750,,,,
ABS:RES_DWELL(1.0.0),3,3GBRI,Q,2022-Q4,750,,,,
ABS:RES_DWELL(1.0.0),3,3GBRI,Q,2023-Q1,757,,,,
ABS:RES_DWELL(1.0.0),3,3GBRI,Q,2023-Q2,775,,,,
ABS:RES_DWELL(1.0.0),3,3GBRI,Q,2023-Q3,800,,,,
ABS:RES_DWELL(1.0.0),3,3GBRI,Q,2023-Q4,830,,,,
ABS:RES_DWELL(1.0.0),3,3GBRI,Q,2024-Q1,850.3,,,,
ABS:RES_DWELL(1.0.0),3,3GBRI,Q,2024-Q2,890,,,,
ABS:RES_DWELL(1.0.0),3,3GBRI,Q,2024-Q3,890,,,,
ABS:RES_DWELL(1.0.0),3,3GBRI,Q,2024-Q4,935,,,,
ABS:RES_DWELL(1.0.0),3,3GBRI,Q,2025-Q1,947,,,,
ABS:RES_DWELL(1.0.0),3,3GBRI,Q,2025-Q2,970,,,,
ABS:RES_DWELL(1.0.0),3,3GBRI,Q,2025-Q3,1022,,,,
ABS:RES_DWELL(1.0.0),3,3GBRI,Q,2025-Q4,1110,,,,
ABS:RES_DWELL(1.0.0),3,3GBRI,Q,2026-Q1,1150,,,,
ABS:RES_DWELL(1.0.0),3,2GMEL,Q,2002-Q1,241,,,,
ABS:RES_DWELL(1.0.0),3,2GMEL,Q,2002-Q2,260,,,,
ABS:RES_DWELL(1.0.0),3,2GMEL,Q,2002-Q3,265,,,,
ABS:RES_DWELL(1.0.0),3,2GMEL,Q,2002-Q4,280,,,,
ABS:RES_DWELL(1.0.0),3,2GMEL,Q,2003-Q1,270,,,,
ABS:RES_DWELL(1.0.0),3,2GMEL,Q,2003-Q2,287.5,,,,
ABS:RES_DWELL(1.0.0),3,2GMEL,Q,2003-Q3,295,,,,
ABS:RES_DWELL(1.0.0),3,2GMEL,Q,2003-Q4,320,,,,
ABS:RES_DWELL(1.0.0),3,2GMEL,Q,2004-Q1,305,,,,
ABS:RES_DWELL(1.0.0),3,2GMEL,Q,2004-Q2,307.5,,,,
ABS:RES_DWELL(1.0.0),3,2GMEL,Q,2004-Q3,302,,,,
ABS:RES_DWELL(1.0.0),3,2GMEL,Q,2004-Q4,321,,,,
ABS:RES_DWELL(1.0.0),3,2GMEL,Q,2005-Q1,310,,,,
ABS:RES_DWELL(1.0.0),3,2GMEL,Q,2005-Q2,320,,,,
ABS:RES_DWELL(1.0.0),3,2GMEL,Q,2005-Q3,320,,,,
ABS:RES_DWELL(1.0.0),3,2GMEL,Q,2005-Q4,332,,,,
ABS:RES_DWELL(1.0.0),3,2GMEL,Q,2006-Q1,330,,,,
ABS:RES_DWELL(1.0.0),3,2GMEL,Q,2006-Q2,345,,,,
ABS:RES_DWELL(1.0.0),3,2GMEL,Q,2006-Q3,346,,,,
ABS:RES_DWELL(1.0.0),3,2GMEL,Q,2006-Q4,360,,,,
ABS:RES_DWELL(1.0.0),3,2GMEL,Q,2007-Q1,345,,,,
ABS:RES_DWELL(1.0.0),3,2GMEL,Q,2007-Q2,362,,,,
ABS:RES_DWELL(1.0.0),3,2GMEL,Q,2007-Q3,370,,,,
ABS:RES_DWELL(1.0.0),3,2GMEL,Q,2007-Q4,410,,,,
ABS:RES_DWELL(1.0.0),3,2GMEL,Q,2008-Q1,385,,,,
ABS:RES_DWELL(1.0.0),3,2GMEL,Q,2008-Q2,400,,,,
ABS:RES_DWELL(1.0.0),3,2GMEL,Q,2008-Q3,385,,,,
ABS:RES_DWELL(1.0.0),3,2GMEL,Q,2008-Q4,385,,,,
ABS:RES_DWELL(1.0.0),3,2GMEL,Q,2009-Q1,375,,,,
ABS:RES_DWELL(1.0.0),3,2GMEL,Q,2009-Q2,400,,,,
ABS:RES_DWELL(1.0.0),3,2GMEL,Q,2009-Q3,422,,,,
ABS:RES_DWELL(1.0.0),3,2GMEL,Q,2009-Q4,477.5,,,,
ABS:RES_DWELL(1.0.0),3,2GMEL,Q,2010-Q1,468,,,,
ABS:RES_DWELL(1.0.0),3,2GMEL,Q,2010-Q2,500,,,,
ABS:RES_DWELL(1.0.0),3,2GMEL,Q,2010-Q3,488.3,,,,
ABS:RES_DWELL(1.0.0),3,2GMEL,Q,2010-Q4,520,,,,
ABS:RES_DWELL(1.0.0),3,2GMEL,Q,2011-Q1,485,,,,
ABS:RES_DWELL(1.0.0),3,2GMEL,Q,2011-Q2,502.5,,,,
ABS:RES_DWELL(1.0.0),3,2GMEL,Q,2011-Q3,487,,,,
ABS:RES_DWELL(1.0.0),3,2GMEL,Q,2011-Q4,495,,,,
ABS:RES_DWELL(1.0.0),3,2GMEL,Q,2012-Q1,478,,,,
ABS:RES_DWELL(1.0.0),3,2GMEL,Q,2012-Q2,485,,,,
ABS:RES_DWELL(1.0.0),3,2GMEL,Q,2012-Q3,480,,,,
ABS:RES_DWELL(1.0.0),3,2GMEL,Q,2012-Q4,508,,,,
ABS:RES_DWELL(1.0.0),3,2GMEL,Q,2013-Q1,486,,,,
ABS:RES_DWELL(1.0.0),3,2GMEL,Q,2013-Q2,500,,,,
ABS:RES_DWELL(1.0.0),3,2GMEL,Q,2013-Q3,520,,,,
ABS:RES_DWELL(1.0.0),3,2GMEL,Q,2013-Q4,561,,,,
ABS:RES_DWELL(1.0.0),3,2GMEL,Q,2014-Q1,504,,,,
ABS:RES_DWELL(1.0.0),3,2GMEL,Q,2014-Q2,528.9,,,,
ABS:RES_DWELL(1.0.0),3,2GMEL,Q,2014-Q3,505,,,,
ABS:RES_DWELL(1.0.0),3,2GMEL,Q,2014-Q4,552.5,,,,
ABS:RES_DWELL(1.0.0),3,2GMEL,Q,2015-Q1,525,,,,
ABS:RES_DWELL(1.0.0),3,2GMEL,Q,2015-Q2,561,,,,
ABS:RES_DWELL(1.0.0),3,2GMEL,Q,2015-Q3,580,,,,
ABS:RES_DWELL(1.0.0),3,2GMEL,Q,2015-Q4,612.3,,,,
ABS:RES_DWELL(1.0.0),3,2GMEL,Q,2016-Q1,568,,,,
ABS:RES_DWELL(1.0.0),3,2GMEL,Q,2016-Q2,610,,,,
ABS:RES_DWELL(1.0.0),3,2GMEL,Q,2016-Q3,605,,,,
ABS:RES_DWELL(1.0.0),3,2GMEL,Q,2016-Q4,675,,,,
ABS:RES_DWELL(1.0.0),3,2GMEL,Q,2017-Q1,657.5,,,,
ABS:RES_DWELL(1.0.0),3,2GMEL,Q,2017-Q2,720,,,,
ABS:RES_DWELL(1.0.0),3,2GMEL,Q,2017-Q3,692,,,,
ABS:RES_DWELL(1.0.0),3,2GMEL,Q,2017-Q4,750,,,,
ABS:RES_DWELL(1.0.0),3,2GMEL,Q,2018-Q1,731,,,,
ABS:RES_DWELL(1.0.0),3,2GMEL,Q,2018-Q2,750,,,,
ABS:RES_DWELL(1.0.0),3,2GMEL,Q,2018-Q3,720,,,,
ABS:RES_DWELL(1.0.0),3,2GMEL,Q,2018-Q4,735,,,,
ABS:RES_DWELL(1.0.0),3,2GMEL,Q,2019-Q1,685,,,,
ABS:RES_DWELL(1.0.0),3,2GMEL,Q,2019-Q2,700,,,,
ABS:RES_DWELL(1.0.0),3,2GMEL,Q,2019-Q3,705,,,,
ABS:RES_DWELL(1.0.0),3,2GMEL,Q,2019-Q4,760,,,,
ABS:RES_DWELL(1.0.0),3,2GMEL,Q,2020-Q1,730,,,,
ABS:RES_DWELL(1.0.0),3,2GMEL,Q,2020-Q2,720,,,,
ABS:RES_DWELL(1.0.0),3,2GMEL,Q,2020-Q3,710,,,,
ABS:RES_DWELL(1.0.0),3,2GMEL,Q,2020-Q4,760,,,,
ABS:RES_DWELL(1.0.0),3,2GMEL,Q,2021-Q1,800,,,,
ABS:RES_DWELL(1.0.0),3,2GMEL,Q,2021-Q2,830,,,,
ABS:RES_DWELL(1.0.0),3,2GMEL,Q,2021-Q3,840,,,,
ABS:RES_DWELL(1.0.0),3,2GMEL,Q,2021-Q4,940,,,,
ABS:RES_DWELL(1.0.0),3,2GMEL,Q,2022-Q1,888,,,,
ABS:RES_DWELL(1.0.0),3,2GMEL,Q,2022-Q2,900,,,,
ABS:RES_DWELL(1.0.0),3,2GMEL,Q,2022-Q3,850,,,,
ABS:RES_DWELL(1.0.0),3,2GMEL,Q,2022-Q4,875,,,,
ABS:RES_DWELL(1.0.0),3,2GMEL,Q,2023-Q1,835,,,,
ABS:RES_DWELL(1.0.0),3,2GMEL,Q,2023-Q2,840.3,,,,
ABS:RES_DWELL(1.0.0),3,2GMEL,Q,2023-Q3,832,,,,
ABS:RES_DWELL(1.0.0),3,2GMEL,Q,2023-Q4,865,,,,
ABS:RES_DWELL(1.0.0),3,2GMEL,Q,2024-Q1,845,,,,
ABS:RES_DWELL(1.0.0),3,2GMEL,Q,2024-Q2,845,,,,
ABS:RES_DWELL(1.0.0),3,2GMEL,Q,2024-Q3,825,,,,
ABS:RES_DWELL(1.0.0),3,2GMEL,Q,2024-Q4,850,,,,
ABS:RES_DWELL(1.0.0),3,2GMEL,Q,2025-Q1,835,,,,
ABS:RES_DWELL(1.0.0),3,2GMEL,Q,2025-Q2,840,,,,
ABS:RES_DWELL(1.0.0),3,2GMEL,Q,2025-Q3,845.3,,,,
ABS:RES_DWELL(1.0.0),3,2GMEL,Q,2025-Q4,892,,,,
ABS:RES_DWELL(1.0.0),3,2GMEL,Q,2026-Q1,850,,,,
ABS:RES_DWELL(1.0.0),3,6GHOB,Q,2002-Q1,123.3,,,,
ABS:RES_DWELL(1.0.0),3,6GHOB,Q,2002-Q2,117,,,,
ABS:RES_DWELL(1.0.0),3,6GHOB,Q,2002-Q3,124,,,,
ABS:RES_DWELL(1.0.0),3,6GHOB,Q,2002-Q4,128,,,,
ABS:RES_DWELL(1.0.0),3,6GHOB,Q,2003-Q1,145,,,,
ABS:RES_DWELL(1.0.0),3,6GHOB,Q,2003-Q2,149,,,,
ABS:RES_DWELL(1.0.0),3,6GHOB,Q,2003-Q3,165,,,,
ABS:RES_DWELL(1.0.0),3,6GHOB,Q,2003-Q4,182.3,,,,
ABS:RES_DWELL(1.0.0),3,6GHOB,Q,2004-Q1,200,,,,
ABS:RES_DWELL(1.0.0),3,6GHOB,Q,2004-Q2,225,,,,
ABS:RES_DWELL(1.0.0),3,6GHOB,Q,2004-Q3,230,,,,
ABS:RES_DWELL(1.0.0),3,6GHOB,Q,2004-Q4,237.3,,,,
ABS:RES_DWELL(1.0.0),3,6GHOB,Q,2005-Q1,240,,,,
ABS:RES_DWELL(1.0.0),3,6GHOB,Q,2005-Q2,250,,,,
ABS:RES_DWELL(1.0.0),3,6GHOB,Q,2005-Q3,245,,,,
ABS:RES_DWELL(1.0.0),3,6GHOB,Q,2005-Q4,252.5,,,,
ABS:RES_DWELL(1.0.0),3,6GHOB,Q,2006-Q1,260,,,,
ABS:RES_DWELL(1.0.0),3,6GHOB,Q,2006-Q2,270,,,,
ABS:RES_DWELL(1.0.0),3,6GHOB,Q,2006-Q3,270,,,,
ABS:RES_DWELL(1.0.0),3,6GHOB,Q,2006-Q4,278,,,,
ABS:RES_DWELL(1.0.0),3,6GHOB,Q,2007-Q1,280,,,,
ABS:RES_DWELL(1.0.0),3,6GHOB,Q,2007-Q2,291.5,,,,
ABS:RES_DWELL(1.0.0),3,6GHOB,Q,2007-Q3,285,,,,
ABS:RES_DWELL(1.0.0),3,6GHOB,Q,2007-Q4,310,,,,
ABS:RES_DWELL(1.0.0),3,6GHOB,Q,2008-Q1,308.5,,,,
ABS:RES_DWELL(1.0.0),3,6GHOB,Q,2008-Q2,305,,,,
ABS:RES_DWELL(1.0.0),3,6GHOB,Q,2008-Q3,292.5,,,,
ABS:RES_DWELL(1.0.0),3,6GHOB,Q,2008-Q4,300,,,,
ABS:RES_DWELL(1.0.0),3,6GHOB,Q,2009-Q1,296.5,,,,
ABS:RES_DWELL(1.0.0),3,6GHOB,Q,2009-Q2,310,,,,
ABS:RES_DWELL(1.0.0),3,6GHOB,Q,2009-Q3,310.1,,,,
ABS:RES_DWELL(1.0.0),3,6GHOB,Q,2009-Q4,350,,,,
ABS:RES_DWELL(1.0.0),3,6GHOB,Q,2010-Q1,350.5,,,,
ABS:RES_DWELL(1.0.0),3,6GHOB,Q,2010-Q2,343.8,,,,
ABS:RES_DWELL(1.0.0),3,6GHOB,Q,2010-Q3,340,,,,
ABS:RES_DWELL(1.0.0),3,6GHOB,Q,2010-Q4,345,,,,
ABS:RES_DWELL(1.0.0),3,6GHOB,Q,2011-Q1,338,,,,
ABS:RES_DWELL(1.0.0),3,6GHOB,Q,2011-Q2,330,,,,
ABS:RES_DWELL(1.0.0),3,6GHOB,Q,2011-Q3,335,,,,
ABS:RES_DWELL(1.0.0),3,6GHOB,Q,2011-Q4,337.5,,,,
ABS:RES_DWELL(1.0.0),3,6GHOB,Q,2012-Q1,343,,,,
ABS:RES_DWELL(1.0.0),3,6GHOB,Q,2012-Q2,327.5,,,,
ABS:RES_DWELL(1.0.0),3,6GHOB,Q,2012-Q3,315,,,,
ABS:RES_DWELL(1.0.0),3,6GHOB,Q,2012-Q4,331.3,,,,
ABS:RES_DWELL(1.0.0),3,6GHOB,Q,2013-Q1,340,,,,
ABS:RES_DWELL(1.0.0),3,6GHOB,Q,2013-Q2,330,,,,
ABS:RES_DWELL(1.0.0),3,6GHOB,Q,2013-Q3,325,,,,
ABS:RES_DWELL(1.0.0),3,6GHOB,Q,2013-Q4,350,,,,
ABS:RES_DWELL(1.0.0),3,6GHOB,Q,2014-Q1,360,,,,
ABS:RES_DWELL(1.0.0),3,6GHOB,Q,2014-Q2,340,,,,
ABS:RES_DWELL(1.0.0),3,6GHOB,Q,2014-Q3,345,,,,
ABS:RES_DWELL(1.0.0),3,6GHOB,Q,2014-Q4,356.5,,,,
ABS:RES_DWELL(1.0.0),3,6GHOB,Q,2015-Q1,360,,,,
ABS:RES_DWELL(1.0.0),3,6GHOB,Q,2015-Q2,350,,,,
ABS:RES_DWELL(1.0.0),3,6GHOB,Q,2015-Q3,340,,,,
ABS:RES_DWELL(1.0.0),3,6GHOB,Q,2015-Q4,370,,,,
ABS:RES_DWELL(1.0.0),3,6GHOB,Q,2016-Q1,360,,,,
ABS:RES_DWELL(1.0.0),3,6GHOB,Q,2016-Q2,365,,,,
ABS:RES_DWELL(1.0.0),3,6GHOB,Q,2016-Q3,370,,,,
ABS:RES_DWELL(1.0.0),3,6GHOB,Q,2016-Q4,392,,,,
ABS:RES_DWELL(1.0.0),3,6GHOB,Q,2017-Q1,389.5,,,,
ABS:RES_DWELL(1.0.0),3,6GHOB,Q,2017-Q2,400,,,,
ABS:RES_DWELL(1.0.0),3,6GHOB,Q,2017-Q3,395,,,,
ABS:RES_DWELL(1.0.0),3,6GHOB,Q,2017-Q4,421,,,,
ABS:RES_DWELL(1.0.0),3,6GHOB,Q,2018-Q1,449,,,,
ABS:RES_DWELL(1.0.0),3,6GHOB,Q,2018-Q2,457.8,,,,
ABS:RES_DWELL(1.0.0),3,6GHOB,Q,2018-Q3,440.3,,,,
ABS:RES_DWELL(1.0.0),3,6GHOB,Q,2018-Q4,465,,,,
ABS:RES_DWELL(1.0.0),3,6GHOB,Q,2019-Q1,471.5,,,,
ABS:RES_DWELL(1.0.0),3,6GHOB,Q,2019-Q2,490,,,,
ABS:RES_DWELL(1.0.0),3,6GHOB,Q,2019-Q3,480,,,,
ABS:RES_DWELL(1.0.0),3,6GHOB,Q,2019-Q4,517,,,,
ABS:RES_DWELL(1.0.0),3,6GHOB,Q,2020-Q1,529,,,,
ABS:RES_DWELL(1.0.0),3,6GHOB,Q,2020-Q2,520,,,,
ABS:RES_DWELL(1.0.0),3,6GHOB,Q,2020-Q3,528.5,,,,
ABS:RES_DWELL(1.0.0),3,6GHOB,Q,2020-Q4,567.7,,,,
ABS:RES_DWELL(1.0.0),3,6GHOB,Q,2021-Q1,610,,,,
ABS:RES_DWELL(1.0.0),3,6GHOB,Q,2021-Q2,630,,,,
ABS:RES_DWELL(1.0.0),3,6GHOB,Q,2021-Q3,700,,,,
ABS:RES_DWELL(1.0.0),3,6GHOB,Q,2021-Q4,754,,,,
ABS:RES_DWELL(1.0.0),3,6GHOB,Q,2022-Q1,765,,,,
ABS:RES_DWELL(1.0.0),3,6GHOB,Q,2022-Q2,765,,,,
ABS:RES_DWELL(1.0.0),3,6GHOB,Q,2022-Q3,720,,,,
ABS:RES_DWELL(1.0.0),3,6GHOB,Q,2022-Q4,731.5,,,,
ABS:RES_DWELL(1.0.0),3,6GHOB,Q,2023-Q1,705,,,,
ABS:RES_DWELL(1.0.0),3,6GHOB,Q,2023-Q2,696.5,,,,
ABS:RES_DWELL(1.0.0),3,6GHOB,Q,2023-Q3,695,,,,
ABS:RES_DWELL(1.0.0),3,6GHOB,Q,2023-Q4,715,,,,
ABS:RES_DWELL(1.0.0),3,6GHOB,Q,2024-Q1,705,,,,
ABS:RES_DWELL(1.0.0),3,6GHOB,Q,2024-Q2,690.5,,,,
ABS:RES_DWELL(1.0.0),3,6GHOB,Q,2024-Q3,700,,,,
ABS:RES_DWELL(1.0.0),3,6GHOB,Q,2024-Q4,715,,,,
ABS:RES_DWELL(1.0.0),3,6GHOB,Q,2025-Q1,715,,,,
ABS:RES_DWELL(1.0.0),3,6GHOB,Q,2025-Q2,715,,,,
ABS:RES_DWELL(1.0.0),3,6GHOB,Q,2025-Q3,720,,,,
ABS:RES_DWELL(1.0.0),3,6GHOB,Q,2025-Q4,750,,,,
ABS:RES_DWELL(1.0.0),3,6GHOB,Q,2026-Q1,740,,,,
ABS:RES_DWELL(1.0.0),3,5GPER,Q,2002-Q1,190,,,,
ABS:RES_DWELL(1.0.0),3,5GPER,Q,2002-Q2,190,,,,
ABS:RES_DWELL(1.0.0),3,5GPER,Q,2002-Q3,195,,,,
ABS:RES_DWELL(1.0.0),3,5GPER,Q,2002-Q4,206,,,,
ABS:RES_DWELL(1.0.0),3,5GPER,Q,2003-Q1,216,,,,
ABS:RES_DWELL(1.0.0),3,5GPER,Q,2003-Q2,225,,,,
ABS:RES_DWELL(1.0.0),3,5GPER,Q,2003-Q3,236,,,,
ABS:RES_DWELL(1.0.0),3,5GPER,Q,2003-Q4,250,,,,
ABS:RES_DWELL(1.0.0),3,5GPER,Q,2004-Q1,255,,,,
ABS:RES_DWELL(1.0.0),3,5GPER,Q,2004-Q2,262,,,,
ABS:RES_DWELL(1.0.0),3,5GPER,Q,2004-Q3,259,,,,
ABS:RES_DWELL(1.0.0),3,5GPER,Q,2004-Q4,280,,,,
ABS:RES_DWELL(1.0.0),3,5GPER,Q,2005-Q1,290,,,,
ABS:RES_DWELL(1.0.0),3,5GPER,Q,2005-Q2,300,,,,
ABS:RES_DWELL(1.0.0),3,5GPER,Q,2005-Q3,315,,,,
ABS:RES_DWELL(1.0.0),3,5GPER,Q,2005-Q4,340,,,,
ABS:RES_DWELL(1.0.0),3,5GPER,Q,2006-Q1,370,,,,
ABS:RES_DWELL(1.0.0),3,5GPER,Q,2006-Q2,415,,,,
ABS:RES_DWELL(1.0.0),3,5GPER,Q,2006-Q3,450,,,,
ABS:RES_DWELL(1.0.0),3,5GPER,Q,2006-Q4,470,,,,
ABS:RES_DWELL(1.0.0),3,5GPER,Q,2007-Q1,475,,,,
ABS:RES_DWELL(1.0.0),3,5GPER,Q,2007-Q2,465,,,,
ABS:RES_DWELL(1.0.0),3,5GPER,Q,2007-Q3,475,,,,
ABS:RES_DWELL(1.0.0),3,5GPER,Q,2007-Q4,480,,,,
ABS:RES_DWELL(1.0.0),3,5GPER,Q,2008-Q1,470,,,,
ABS:RES_DWELL(1.0.0),3,5GPER,Q,2008-Q2,455,,,,
ABS:RES_DWELL(1.0.0),3,5GPER,Q,2008-Q3,440,,,,
ABS:RES_DWELL(1.0.0),3,5GPER,Q,2008-Q4,425,,,,
ABS:RES_DWELL(1.0.0),3,5GPER,Q,2009-Q1,439,,,,
ABS:RES_DWELL(1.0.0),3,5GPER,Q,2009-Q2,455,,,,
ABS:RES_DWELL(1.0.0),3,5GPER,Q,2009-Q3,473,,,,
ABS:RES_DWELL(1.0.0),3,5GPER,Q,2009-Q4,505,,,,
ABS:RES_DWELL(1.0.0),3,5GPER,Q,2010-Q1,518,,,,
ABS:RES_DWELL(1.0.0),3,5GPER,Q,2010-Q2,510,,,,
ABS:RES_DWELL(1.0.0),3,5GPER,Q,2010-Q3,500,,,,
ABS:RES_DWELL(1.0.0),3,5GPER,Q,2010-Q4,500,,,,
ABS:RES_DWELL(1.0.0),3,5GPER,Q,2011-Q1,500,,,,
ABS:RES_DWELL(1.0.0),3,5GPER,Q,2011-Q2,485,,,,
ABS:RES_DWELL(1.0.0),3,5GPER,Q,2011-Q3,470,,,,
ABS:RES_DWELL(1.0.0),3,5GPER,Q,2011-Q4,480,,,,
ABS:RES_DWELL(1.0.0),3,5GPER,Q,2012-Q1,489.5,,,,
ABS:RES_DWELL(1.0.0),3,5GPER,Q,2012-Q2,499,,,,
ABS:RES_DWELL(1.0.0),3,5GPER,Q,2012-Q3,495,,,,
ABS:RES_DWELL(1.0.0),3,5GPER,Q,2012-Q4,510,,,,
ABS:RES_DWELL(1.0.0),3,5GPER,Q,2013-Q1,520,,,,
ABS:RES_DWELL(1.0.0),3,5GPER,Q,2013-Q2,529,,,,
ABS:RES_DWELL(1.0.0),3,5GPER,Q,2013-Q3,520,,,,
ABS:RES_DWELL(1.0.0),3,5GPER,Q,2013-Q4,552,,,,
ABS:RES_DWELL(1.0.0),3,5GPER,Q,2014-Q1,530.5,,,,
ABS:RES_DWELL(1.0.0),3,5GPER,Q,2014-Q2,525,,,,
ABS:RES_DWELL(1.0.0),3,5GPER,Q,2014-Q3,530,,,,
ABS:RES_DWELL(1.0.0),3,5GPER,Q,2014-Q4,531,,,,
ABS:RES_DWELL(1.0.0),3,5GPER,Q,2015-Q1,536.5,,,,
ABS:RES_DWELL(1.0.0),3,5GPER,Q,2015-Q2,537,,,,
ABS:RES_DWELL(1.0.0),3,5GPER,Q,2015-Q3,520,,,,
ABS:RES_DWELL(1.0.0),3,5GPER,Q,2015-Q4,525,,,,
ABS:RES_DWELL(1.0.0),3,5GPER,Q,2016-Q1,518,,,,
ABS:RES_DWELL(1.0.0),3,5GPER,Q,2016-Q2,520,,,,
ABS:RES_DWELL(1.0.0),3,5GPER,Q,2016-Q3,510,,,,
ABS:RES_DWELL(1.0.0),3,5GPER,Q,2016-Q4,525,,,,
ABS:RES_DWELL(1.0.0),3,5GPER,Q,2017-Q1,510,,,,
ABS:RES_DWELL(1.0.0),3,5GPER,Q,2017-Q2,506,,,,
ABS:RES_DWELL(1.0.0),3,5GPER,Q,2017-Q3,500,,,,
ABS:RES_DWELL(1.0.0),3,5GPER,Q,2017-Q4,515,,,,
ABS:RES_DWELL(1.0.0),3,5GPER,Q,2018-Q1,510,,,,
ABS:RES_DWELL(1.0.0),3,5GPER,Q,2018-Q2,510,,,,
ABS:RES_DWELL(1.0.0),3,5GPER,Q,2018-Q3,485,,,,
ABS:RES_DWELL(1.0.0),3,5GPER,Q,2018-Q4,489,,,,
ABS:RES_DWELL(1.0.0),3,5GPER,Q,2019-Q1,490,,,,
ABS:RES_DWELL(1.0.0),3,5GPER,Q,2019-Q2,480,,,,
ABS:RES_DWELL(1.0.0),3,5GPER,Q,2019-Q3,478,,,,
ABS:RES_DWELL(1.0.0),3,5GPER,Q,2019-Q4,495,,,,
ABS:RES_DWELL(1.0.0),3,5GPER,Q,2020-Q1,477.5,,,,
ABS:RES_DWELL(1.0.0),3,5GPER,Q,2020-Q2,475,,,,
ABS:RES_DWELL(1.0.0),3,5GPER,Q,2020-Q3,495,,,,
ABS:RES_DWELL(1.0.0),3,5GPER,Q,2020-Q4,528,,,,
ABS:RES_DWELL(1.0.0),3,5GPER,Q,2021-Q1,535,,,,
ABS:RES_DWELL(1.0.0),3,5GPER,Q,2021-Q2,540,,,,
ABS:RES_DWELL(1.0.0),3,5GPER,Q,2021-Q3,525,,,,
ABS:RES_DWELL(1.0.0),3,5GPER,Q,2021-Q4,558.8,,,,
ABS:RES_DWELL(1.0.0),3,5GPER,Q,2022-Q1,550,,,,
ABS:RES_DWELL(1.0.0),3,5GPER,Q,2022-Q2,565,,,,
ABS:RES_DWELL(1.0.0),3,5GPER,Q,2022-Q3,555,,,,
ABS:RES_DWELL(1.0.0),3,5GPER,Q,2022-Q4,580,,,,
ABS:RES_DWELL(1.0.0),3,5GPER,Q,2023-Q1,578,,,,
ABS:RES_DWELL(1.0.0),3,5GPER,Q,2023-Q2,600,,,,
ABS:RES_DWELL(1.0.0),3,5GPER,Q,2023-Q3,600,,,,
ABS:RES_DWELL(1.0.0),3,5GPER,Q,2023-Q4,660,,,,
ABS:RES_DWELL(1.0.0),3,5GPER,Q,2024-Q1,700,,,,
ABS:RES_DWELL(1.0.0),3,5GPER,Q,2024-Q2,755,,,,
ABS:RES_DWELL(1.0.0),3,5GPER,Q,2024-Q3,780,,,,
ABS:RES_DWELL(1.0.0),3,5GPER,Q,2024-Q4,820,,,,
ABS:RES_DWELL(1.0.0),3,5GPER,Q,2025-Q1,820,,,,
ABS:RES_DWELL(1.0.0),3,5GPER,Q,2025-Q2,850,,,,
ABS:RES_DWELL(1.0.0),3,5GPER,Q,2025-Q3,872.5,,,,
ABS:RES_DWELL(1.0.0),3,5GPER,Q,2025-Q4,960,,,,
ABS:RES_DWELL(1.0.0),3,5GPER,Q,2026-Q1,1000,,,,
ABS:RES_DWELL(1.0.0),3,1GSYD,Q,2002-Q1,365,,,,
ABS:RES_DWELL(1.0.0),3,1GSYD,Q,2002-Q2,393.5,,,,
ABS:RES_DWELL(1.0.0),3,1GSYD,Q,2002-Q3,413,,,,
ABS:RES_DWELL(1.0.0),3,1GSYD,Q,2002-Q4,444,,,,
ABS:RES_DWELL(1.0.0),3,1GSYD,Q,2003-Q1,434.5,,,,
ABS:RES_DWELL(1.0.0),3,1GSYD,Q,2003-Q2,460,,,,
ABS:RES_DWELL(1.0.0),3,1GSYD,Q,2003-Q3,480,,,,
ABS:RES_DWELL(1.0.0),3,1GSYD,Q,2003-Q4,520,,,,
ABS:RES_DWELL(1.0.0),3,1GSYD,Q,2004-Q1,523,,,,
ABS:RES_DWELL(1.0.0),3,1GSYD,Q,2004-Q2,498,,,,
ABS:RES_DWELL(1.0.0),3,1GSYD,Q,2004-Q3,500,,,,
ABS:RES_DWELL(1.0.0),3,1GSYD,Q,2004-Q4,515,,,,
ABS:RES_DWELL(1.0.0),3,1GSYD,Q,2005-Q1,486,,,,
ABS:RES_DWELL(1.0.0),3,1GSYD,Q,2005-Q2,500,,,,
ABS:RES_DWELL(1.0.0),3,1GSYD,Q,2005-Q3,490,,,,
ABS:RES_DWELL(1.0.0),3,1GSYD,Q,2005-Q4,500,,,,
ABS:RES_DWELL(1.0.0),3,1GSYD,Q,2006-Q1,470,,,,
ABS:RES_DWELL(1.0.0),3,1GSYD,Q,2006-Q2,495,,,,
ABS:RES_DWELL(1.0.0),3,1GSYD,Q,2006-Q3,482,,,,
ABS:RES_DWELL(1.0.0),3,1GSYD,Q,2006-Q4,500,,,,
ABS:RES_DWELL(1.0.0),3,1GSYD,Q,2007-Q1,480,,,,
ABS:RES_DWELL(1.0.0),3,1GSYD,Q,2007-Q2,512.3,,,,
ABS:RES_DWELL(1.0.0),3,1GSYD,Q,2007-Q3,514,,,,
ABS:RES_DWELL(1.0.0),3,1GSYD,Q,2007-Q4,540,,,,
ABS:RES_DWELL(1.0.0),3,1GSYD,Q,2008-Q1,495,,,,
ABS:RES_DWELL(1.0.0),3,1GSYD,Q,2008-Q2,517,,,,
ABS:RES_DWELL(1.0.0),3,1GSYD,Q,2008-Q3,482,,,,
ABS:RES_DWELL(1.0.0),3,1GSYD,Q,2008-Q4,468,,,,
ABS:RES_DWELL(1.0.0),3,1GSYD,Q,2009-Q1,448,,,,
ABS:RES_DWELL(1.0.0),3,1GSYD,Q,2009-Q2,490,,,,
ABS:RES_DWELL(1.0.0),3,1GSYD,Q,2009-Q3,500,,,,
ABS:RES_DWELL(1.0.0),3,1GSYD,Q,2009-Q4,595,,,,
ABS:RES_DWELL(1.0.0),3,1GSYD,Q,2010-Q1,583,,,,
ABS:RES_DWELL(1.0.0),3,1GSYD,Q,2010-Q2,612.5,,,,
ABS:RES_DWELL(1.0.0),3,1GSYD,Q,2010-Q3,598,,,,
ABS:RES_DWELL(1.0.0),3,1GSYD,Q,2010-Q4,620,,,,
ABS:RES_DWELL(1.0.0),3,1GSYD,Q,2011-Q1,575,,,,
ABS:RES_DWELL(1.0.0),3,1GSYD,Q,2011-Q2,592,,,,
ABS:RES_DWELL(1.0.0),3,1GSYD,Q,2011-Q3,567,,,,
ABS:RES_DWELL(1.0.0),3,1GSYD,Q,2011-Q4,533,,,,
ABS:RES_DWELL(1.0.0),3,1GSYD,Q,2012-Q1,607.5,,,,
ABS:RES_DWELL(1.0.0),3,1GSYD,Q,2012-Q2,600,,,,
ABS:RES_DWELL(1.0.0),3,1GSYD,Q,2012-Q3,585,,,,
ABS:RES_DWELL(1.0.0),3,1GSYD,Q,2012-Q4,640,,,,
ABS:RES_DWELL(1.0.0),3,1GSYD,Q,2013-Q1,615,,,,
ABS:RES_DWELL(1.0.0),3,1GSYD,Q,2013-Q2,650,,,,
ABS:RES_DWELL(1.0.0),3,1GSYD,Q,2013-Q3,670,,,,
ABS:RES_DWELL(1.0.0),3,1GSYD,Q,2013-Q4,745,,,,
ABS:RES_DWELL(1.0.0),3,1GSYD,Q,2014-Q1,680,,,,
ABS:RES_DWELL(1.0.0),3,1GSYD,Q,2014-Q2,728,,,,
ABS:RES_DWELL(1.0.0),3,1GSYD,Q,2014-Q3,730,,,,
ABS:RES_DWELL(1.0.0),3,1GSYD,Q,2014-Q4,816,,,,
ABS:RES_DWELL(1.0.0),3,1GSYD,Q,2015-Q1,792.5,,,,
ABS:RES_DWELL(1.0.0),3,1GSYD,Q,2015-Q2,860,,,,
ABS:RES_DWELL(1.0.0),3,1GSYD,Q,2015-Q3,888.2,,,,
ABS:RES_DWELL(1.0.0),3,1GSYD,Q,2015-Q4,915,,,,
ABS:RES_DWELL(1.0.0),3,1GSYD,Q,2016-Q1,850,,,,
ABS:RES_DWELL(1.0.0),3,1GSYD,Q,2016-Q2,895,,,,
ABS:RES_DWELL(1.0.0),3,1GSYD,Q,2016-Q3,900,,,,
ABS:RES_DWELL(1.0.0),3,1GSYD,Q,2016-Q4,985.5,,,,
ABS:RES_DWELL(1.0.0),3,1GSYD,Q,2017-Q1,930,,,,
ABS:RES_DWELL(1.0.0),3,1GSYD,Q,2017-Q2,1050,,,,
ABS:RES_DWELL(1.0.0),3,1GSYD,Q,2017-Q3,950,,,,
ABS:RES_DWELL(1.0.0),3,1GSYD,Q,2017-Q4,1029,,,,
ABS:RES_DWELL(1.0.0),3,1GSYD,Q,2018-Q1,955,,,,
ABS:RES_DWELL(1.0.0),3,1GSYD,Q,2018-Q2,973.1,,,,
ABS:RES_DWELL(1.0.0),3,1GSYD,Q,2018-Q3,950,,,,
ABS:RES_DWELL(1.0.0),3,1GSYD,Q,2018-Q4,940,,,,
ABS:RES_DWELL(1.0.0),3,1GSYD,Q,2019-Q1,870,,,,
ABS:RES_DWELL(1.0.0),3,1GSYD,Q,2019-Q2,897,,,,
ABS:RES_DWELL(1.0.0),3,1GSYD,Q,2019-Q3,900,,,,
ABS:RES_DWELL(1.0.0),3,1GSYD,Q,2019-Q4,985,,,,
ABS:RES_DWELL(1.0.0),3,1GSYD,Q,2020-Q1,947.5,,,,
ABS:RES_DWELL(1.0.0),3,1GSYD,Q,2020-Q2,955,,,,
ABS:RES_DWELL(1.0.0),3,1GSYD,Q,2020-Q3,945,,,,
ABS:RES_DWELL(1.0.0),3,1GSYD,Q,2020-Q4,999,,,,
ABS:RES_DWELL(1.0.0),3,1GSYD,Q,2021-Q1,1052,,,,
ABS:RES_DWELL(1.0.0),3,1GSYD,Q,2021-Q2,1206.4,,,,
ABS:RES_DWELL(1.0.0),3,1GSYD,Q,2021-Q3,1300,,,,
ABS:RES_DWELL(1.0.0),3,1GSYD,Q,2021-Q4,1360,,,,
ABS:RES_DWELL(1.0.0),3,1GSYD,Q,2022-Q1,1325,,,,
ABS:RES_DWELL(1.0.0),3,1GSYD,Q,2022-Q2,1350,,,,
ABS:RES_DWELL(1.0.0),3,1GSYD,Q,2022-Q3,1300,,,,
ABS:RES_DWELL(1.0.0),3,1GSYD,Q,2022-Q4,1300,,,,
ABS:RES_DWELL(1.0.0),3,1GSYD,Q,2023-Q1,1250.1,,,,
ABS:RES_DWELL(1.0.0),3,1GSYD,Q,2023-Q2,1355,,,,
ABS:RES_DWELL(1.0.0),3,1GSYD,Q,2023-Q3,1370,,,,
ABS:RES_DWELL(1.0.0),3,1GSYD,Q,2023-Q4,1420,,,,
ABS:RES_DWELL(1.0.0),3,1GSYD,Q,2024-Q1,1401,,,,
ABS:RES_DWELL(1.0.0),3,1GSYD,Q,2024-Q2,1454.3,,,,
ABS:RES_DWELL(1.0.0),3,1GSYD,Q,2024-Q3,1410,,,,
ABS:RES_DWELL(1.0.0),3,1GSYD,Q,2024-Q4,1450,,,,
ABS:RES_DWELL(1.0.0),3,1GSYD,Q,2025-Q1,1450,,,,
ABS:RES_DWELL(1.0.0),3,1GSYD,Q,2025-Q2,1520.5,,,,
ABS:RES_DWELL(1.0.0),3,1GSYD,Q,2025-Q3,1520,,,,
ABS:RES_DWELL(1.0.0),3,1GSYD,Q,2025-Q4,1560,,,,
ABS:RES_DWELL(1.0.0),3,1GSYD,Q,2026-Q1,1485,,,,
ABS:RES_DWELL(1.0.0),3,7GDAR,Q,2002-Q1,190,,,,
ABS:RES_DWELL(1.0.0),3,7GDAR,Q,2002-Q2,188.3,,,,
ABS:RES_DWELL(1.0.0),3,7GDAR,Q,2002-Q3,190,,,,
ABS:RES_DWELL(1.0.0),3,7GDAR,Q,2002-Q4,195,,,,
ABS:RES_DWELL(1.0.0),3,7GDAR,Q,2003-Q1,198,,,,
ABS:RES_DWELL(1.0.0),3,7GDAR,Q,2003-Q2,200.5,,,,
ABS:RES_DWELL(1.0.0),3,7GDAR,Q,2003-Q3,214,,,,
ABS:RES_DWELL(1.0.0),3,7GDAR,Q,2003-Q4,226,,,,
ABS:RES_DWELL(1.0.0),3,7GDAR,Q,2004-Q1,239.5,,,,
ABS:RES_DWELL(1.0.0),3,7GDAR,Q,2004-Q2,248.8,,,,
ABS:RES_DWELL(1.0.0),3,7GDAR,Q,2004-Q3,245,,,,
ABS:RES_DWELL(1.0.0),3,7GDAR,Q,2004-Q4,259,,,,
ABS:RES_DWELL(1.0.0),3,7GDAR,Q,2005-Q1,275,,,,
ABS:RES_DWELL(1.0.0),3,7GDAR,Q,2005-Q2,280,,,,
ABS:RES_DWELL(1.0.0),3,7GDAR,Q,2005-Q3,295,,,,
ABS:RES_DWELL(1.0.0),3,7GDAR,Q,2005-Q4,320,,,,
ABS:RES_DWELL(1.0.0),3,7GDAR,Q,2006-Q1,341.5,,,,
ABS:RES_DWELL(1.0.0),3,7GDAR,Q,2006-Q2,349.5,,,,
ABS:RES_DWELL(1.0.0),3,7GDAR,Q,2006-Q3,360,,,,
ABS:RES_DWELL(1.0.0),3,7GDAR,Q,2006-Q4,380,,,,
ABS:RES_DWELL(1.0.0),3,7GDAR,Q,2007-Q1,389.5,,,,
ABS:RES_DWELL(1.0.0),3,7GDAR,Q,2007-Q2,395,,,,
ABS:RES_DWELL(1.0.0),3,7GDAR,Q,2007-Q3,400,,,,
ABS:RES_DWELL(1.0.0),3,7GDAR,Q,2007-Q4,418.5,,,,
ABS:RES_DWELL(1.0.0),3,7GDAR,Q,2008-Q1,420,,,,
ABS:RES_DWELL(1.0.0),3,7GDAR,Q,2008-Q2,422.3,,,,
ABS:RES_DWELL(1.0.0),3,7GDAR,Q,2008-Q3,430,,,,
ABS:RES_DWELL(1.0.0),3,7GDAR,Q,2008-Q4,445,,,,
ABS:RES_DWELL(1.0.0),3,7GDAR,Q,2009-Q1,455,,,,
ABS:RES_DWELL(1.0.0),3,7GDAR,Q,2009-Q2,465,,,,
ABS:RES_DWELL(1.0.0),3,7GDAR,Q,2009-Q3,490,,,,
ABS:RES_DWELL(1.0.0),3,7GDAR,Q,2009-Q4,520,,,,
ABS:RES_DWELL(1.0.0),3,7GDAR,Q,2010-Q1,529,,,,
ABS:RES_DWELL(1.0.0),3,7GDAR,Q,2010-Q2,530,,,,
ABS:RES_DWELL(1.0.0),3,7GDAR,Q,2010-Q3,535,,,,
ABS:RES_DWELL(1.0.0),3,7GDAR,Q,2010-Q4,545,,,,
ABS:RES_DWELL(1.0.0),3,7GDAR,Q,2011-Q1,510,,,,
ABS:RES_DWELL(1.0.0),3,7GDAR,Q,2011-Q2,500,,,,
ABS:RES_DWELL(1.0.0),3,7GDAR,Q,2011-Q3,497,,,,
ABS:RES_DWELL(1.0.0),3,7GDAR,Q,2011-Q4,515,,,,
ABS:RES_DWELL(1.0.0),3,7GDAR,Q,2012-Q1,525,,,,
ABS:RES_DWELL(1.0.0),3,7GDAR,Q,2012-Q2,543.5,,,,
ABS:RES_DWELL(1.0.0),3,7GDAR,Q,2012-Q3,540,,,,
ABS:RES_DWELL(1.0.0),3,7GDAR,Q,2012-Q4,561,,,,
ABS:RES_DWELL(1.0.0),3,7GDAR,Q,2013-Q1,530,,,,
ABS:RES_DWELL(1.0.0),3,7GDAR,Q,2013-Q2,540,,,,
ABS:RES_DWELL(1.0.0),3,7GDAR,Q,2013-Q3,570,,,,
ABS:RES_DWELL(1.0.0),3,7GDAR,Q,2013-Q4,579,,,,
ABS:RES_DWELL(1.0.0),3,7GDAR,Q,2014-Q1,595,,,,
ABS:RES_DWELL(1.0.0),3,7GDAR,Q,2014-Q2,557.5,,,,
ABS:RES_DWELL(1.0.0),3,7GDAR,Q,2014-Q3,570,,,,
ABS:RES_DWELL(1.0.0),3,7GDAR,Q,2014-Q4,581,,,,
ABS:RES_DWELL(1.0.0),3,7GDAR,Q,2015-Q1,570,,,,
ABS:RES_DWELL(1.0.0),3,7GDAR,Q,2015-Q2,595,,,,
ABS:RES_DWELL(1.0.0),3,7GDAR,Q,2015-Q3,580,,,,
ABS:RES_DWELL(1.0.0),3,7GDAR,Q,2015-Q4,575,,,,
ABS:RES_DWELL(1.0.0),3,7GDAR,Q,2016-Q1,570,,,,
ABS:RES_DWELL(1.0.0),3,7GDAR,Q,2016-Q2,548,,,,
ABS:RES_DWELL(1.0.0),3,7GDAR,Q,2016-Q3,520,,,,
ABS:RES_DWELL(1.0.0),3,7GDAR,Q,2016-Q4,522,,,,
ABS:RES_DWELL(1.0.0),3,7GDAR,Q,2017-Q1,530,,,,
ABS:RES_DWELL(1.0.0),3,7GDAR,Q,2017-Q2,500,,,,
ABS:RES_DWELL(1.0.0),3,7GDAR,Q,2017-Q3,500,,,,
ABS:RES_DWELL(1.0.0),3,7GDAR,Q,2017-Q4,513.8,,,,
ABS:RES_DWELL(1.0.0),3,7GDAR,Q,2018-Q1,500,,,,
ABS:RES_DWELL(1.0.0),3,7GDAR,Q,2018-Q2,506,,,,
ABS:RES_DWELL(1.0.0),3,7GDAR,Q,2018-Q3,500,,,,
ABS:RES_DWELL(1.0.0),3,7GDAR,Q,2018-Q4,510,,,,
ABS:RES_DWELL(1.0.0),3,7GDAR,Q,2019-Q1,485,,,,
ABS:RES_DWELL(1.0.0),3,7GDAR,Q,2019-Q2,470,,,,
ABS:RES_DWELL(1.0.0),3,7GDAR,Q,2019-Q3,489,,,,
ABS:RES_DWELL(1.0.0),3,7GDAR,Q,2019-Q4,470,,,,
ABS:RES_DWELL(1.0.0),3,7GDAR,Q,2020-Q1,470,,,,
ABS:RES_DWELL(1.0.0),3,7GDAR,Q,2020-Q2,465,,,,
ABS:RES_DWELL(1.0.0),3,7GDAR,Q,2020-Q3,500,,,,
ABS:RES_DWELL(1.0.0),3,7GDAR,Q,2020-Q4,522.5,,,,
ABS:RES_DWELL(1.0.0),3,7GDAR,Q,2021-Q1,535,,,,
ABS:RES_DWELL(1.0.0),3,7GDAR,Q,2021-Q2,565,,,,
ABS:RES_DWELL(1.0.0),3,7GDAR,Q,2021-Q3,580,,,,
ABS:RES_DWELL(1.0.0),3,7GDAR,Q,2021-Q4,600,,,,
ABS:RES_DWELL(1.0.0),3,7GDAR,Q,2022-Q1,600,,,,
ABS:RES_DWELL(1.0.0),3,7GDAR,Q,2022-Q2,585,,,,
ABS:RES_DWELL(1.0.0),3,7GDAR,Q,2022-Q3,560,,,,
ABS:RES_DWELL(1.0.0),3,7GDAR,Q,2022-Q4,590,,,,
ABS:RES_DWELL(1.0.0),3,7GDAR,Q,2023-Q1,575,,,,
ABS:RES_DWELL(1.0.0),3,7GDAR,Q,2023-Q2,590,,,,
ABS:RES_DWELL(1.0.0),3,7GDAR,Q,2023-Q3,585,,,,
ABS:RES_DWELL(1.0.0),3,7GDAR,Q,2023-Q4,589.5,,,,
ABS:RES_DWELL(1.0.0),3,7GDAR,Q,2024-Q1,570,,,,
ABS:RES_DWELL(1.0.0),3,7GDAR,Q,2024-Q2,582.5,,,,
ABS:RES_DWELL(1.0.0),3,7GDAR,Q,2024-Q3,558.8,,,,
ABS:RES_DWELL(1.0.0),3,7GDAR,Q,2024-Q4,560,,,,
ABS:RES_DWELL(1.0.0),3,7GDAR,Q,2025-Q1,599.8,,,,
ABS:RES_DWELL(1.0.0),3,7GDAR,Q,2025-Q2,622.4,,,,
ABS:RES_DWELL(1.0.0),3,7GDAR,Q,2025-Q3,670,,,,
ABS:RES_DWELL(1.0.0),3,7GDAR,Q,2025-Q4,710,,,,
ABS:RES_DWELL(1.0.0),3,7GDAR,Q,2026-Q1,750,,,,
ABS:RES_DWELL(1.0.0),3,8ACTE,Q,2002-Q1,245,,,,
ABS:RES_DWELL(1.0.0),3,8ACTE,Q,2002-Q2,258,,,,
ABS:RES_DWELL(1.0.0),3,8ACTE,Q,2002-Q3,275,,,,
ABS:RES_DWELL(1.0.0),3,8ACTE,Q,2002-Q4,291,,,,
ABS:RES_DWELL(1.0.0),3,8ACTE,Q,2003-Q1,300,,,,
ABS:RES_DWELL(1.0.0),3,8ACTE,Q,2003-Q2,334.5,,,,
ABS:RES_DWELL(1.0.0),3,8ACTE,Q,2003-Q3,360,,,,
ABS:RES_DWELL(1.0.0),3,8ACTE,Q,2003-Q4,375,,,,
ABS:RES_DWELL(1.0.0),3,8ACTE,Q,2004-Q1,375,,,,
ABS:RES_DWELL(1.0.0),3,8ACTE,Q,2004-Q2,375,,,,
ABS:RES_DWELL(1.0.0),3,8ACTE,Q,2004-Q3,352.5,,,,
ABS:RES_DWELL(1.0.0),3,8ACTE,Q,2004-Q4,372,,,,
ABS:RES_DWELL(1.0.0),3,8ACTE,Q,2005-Q1,374.7,,,,
ABS:RES_DWELL(1.0.0),3,8ACTE,Q,2005-Q2,373.5,,,,
ABS:RES_DWELL(1.0.0),3,8ACTE,Q,2005-Q3,365,,,,
ABS:RES_DWELL(1.0.0),3,8ACTE,Q,2005-Q4,387,,,,
ABS:RES_DWELL(1.0.0),3,8ACTE,Q,2006-Q1,385,,,,
ABS:RES_DWELL(1.0.0),3,8ACTE,Q,2006-Q2,399.5,,,,
ABS:RES_DWELL(1.0.0),3,8ACTE,Q,2006-Q3,413,,,,
ABS:RES_DWELL(1.0.0),3,8ACTE,Q,2006-Q4,420.8,,,,
ABS:RES_DWELL(1.0.0),3,8ACTE,Q,2007-Q1,430,,,,
ABS:RES_DWELL(1.0.0),3,8ACTE,Q,2007-Q2,445,,,,
ABS:RES_DWELL(1.0.0),3,8ACTE,Q,2007-Q3,460,,,,
ABS:RES_DWELL(1.0.0),3,8ACTE,Q,2007-Q4,468,,,,
ABS:RES_DWELL(1.0.0),3,8ACTE,Q,2008-Q1,470,,,,
ABS:RES_DWELL(1.0.0),3,8ACTE,Q,2008-Q2,474,,,,
ABS:RES_DWELL(1.0.0),3,8ACTE,Q,2008-Q3,447,,,,
ABS:RES_DWELL(1.0.0),3,8ACTE,Q,2008-Q4,450,,,,
ABS:RES_DWELL(1.0.0),3,8ACTE,Q,2009-Q1,459.5,,,,
ABS:RES_DWELL(1.0.0),3,8ACTE,Q,2009-Q2,455,,,,
ABS:RES_DWELL(1.0.0),3,8ACTE,Q,2009-Q3,456,,,,
ABS:RES_DWELL(1.0.0),3,8ACTE,Q,2009-Q4,509,,,,
ABS:RES_DWELL(1.0.0),3,8ACTE,Q,2010-Q1,530,,,,
ABS:RES_DWELL(1.0.0),3,8ACTE,Q,2010-Q2,516.2,,,,
ABS:RES_DWELL(1.0.0),3,8ACTE,Q,2010-Q3,530,,,,
ABS:RES_DWELL(1.0.0),3,8ACTE,Q,2010-Q4,534.5,,,,
ABS:RES_DWELL(1.0.0),3,8ACTE,Q,2011-Q1,530,,,,
ABS:RES_DWELL(1.0.0),3,8ACTE,Q,2011-Q2,533,,,,
ABS:RES_DWELL(1.0.0),3,8ACTE,Q,2011-Q3,490,,,,
ABS:RES_DWELL(1.0.0),3,8ACTE,Q,2011-Q4,500,,,,
ABS:RES_DWELL(1.0.0),3,8ACTE,Q,2012-Q1,512.5,,,,
ABS:RES_DWELL(1.0.0),3,8ACTE,Q,2012-Q2,482.5,,,,
ABS:RES_DWELL(1.0.0),3,8ACTE,Q,2012-Q3,490,,,,
ABS:RES_DWELL(1.0.0),3,8ACTE,Q,2012-Q4,519,,,,
ABS:RES_DWELL(1.0.0),3,8ACTE,Q,2013-Q1,505,,,,
ABS:RES_DWELL(1.0.0),3,8ACTE,Q,2013-Q2,510,,,,
ABS:RES_DWELL(1.0.0),3,8ACTE,Q,2013-Q3,505,,,,
ABS:RES_DWELL(1.0.0),3,8ACTE,Q,2013-Q4,503.3,,,,
ABS:RES_DWELL(1.0.0),3,8ACTE,Q,2014-Q1,553.7,,,,
ABS:RES_DWELL(1.0.0),3,8ACTE,Q,2014-Q2,550,,,,
ABS:RES_DWELL(1.0.0),3,8ACTE,Q,2014-Q3,554,,,,
ABS:RES_DWELL(1.0.0),3,8ACTE,Q,2014-Q4,570,,,,
ABS:RES_DWELL(1.0.0),3,8ACTE,Q,2015-Q1,585,,,,
ABS:RES_DWELL(1.0.0),3,8ACTE,Q,2015-Q2,580,,,,
ABS:RES_DWELL(1.0.0),3,8ACTE,Q,2015-Q3,587.5,,,,
ABS:RES_DWELL(1.0.0),3,8ACTE,Q,2015-Q4,615,,,,
ABS:RES_DWELL(1.0.0),3,8ACTE,Q,2016-Q1,590,,,,
ABS:RES_DWELL(1.0.0),3,8ACTE,Q,2016-Q2,623,,,,
ABS:RES_DWELL(1.0.0),3,8ACTE,Q,2016-Q3,615.8,,,,
ABS:RES_DWELL(1.0.0),3,8ACTE,Q,2016-Q4,636,,,,
ABS:RES_DWELL(1.0.0),3,8ACTE,Q,2017-Q1,654.5,,,,
ABS:RES_DWELL(1.0.0),3,8ACTE,Q,2017-Q2,670,,,,
ABS:RES_DWELL(1.0.0),3,8ACTE,Q,2017-Q3,667.5,,,,
ABS:RES_DWELL(1.0.0),3,8ACTE,Q,2017-Q4,690,,,,
ABS:RES_DWELL(1.0.0),3,8ACTE,Q,2018-Q1,698.5,,,,
ABS:RES_DWELL(1.0.0),3,8ACTE,Q,2018-Q2,690,,,,
ABS:RES_DWELL(1.0.0),3,8ACTE,Q,2018-Q3,700,,,,
ABS:RES_DWELL(1.0.0),3,8ACTE,Q,2018-Q4,720,,,,
ABS:RES_DWELL(1.0.0),3,8ACTE,Q,2019-Q1,690,,,,
ABS:RES_DWELL(1.0.0),3,8ACTE,Q,2019-Q2,715,,,,
ABS:RES_DWELL(1.0.0),3,8ACTE,Q,2019-Q3,676,,,,
ABS:RES_DWELL(1.0.0),3,8ACTE,Q,2019-Q4,745,,,,
ABS:RES_DWELL(1.0.0),3,8ACTE,Q,2020-Q1,720.5,,,,
ABS:RES_DWELL(1.0.0),3,8ACTE,Q,2020-Q2,720,,,,
ABS:RES_DWELL(1.0.0),3,8ACTE,Q,2020-Q3,755,,,,
ABS:RES_DWELL(1.0.0),3,8ACTE,Q,2020-Q4,785,,,,
ABS:RES_DWELL(1.0.0),3,8ACTE,Q,2021-Q1,835,,,,
ABS:RES_DWELL(1.0.0),3,8ACTE,Q,2021-Q2,905,,,,
ABS:RES_DWELL(1.0.0),3,8ACTE,Q,2021-Q3,940,,,,
ABS:RES_DWELL(1.0.0),3,8ACTE,Q,2021-Q4,1040,,,,
ABS:RES_DWELL(1.0.0),3,8ACTE,Q,2022-Q1,1080,,,,
ABS:RES_DWELL(1.0.0),3,8ACTE,Q,2022-Q2,1059,,,,
ABS:RES_DWELL(1.0.0),3,8ACTE,Q,2022-Q3,1000,,,,
ABS:RES_DWELL(1.0.0),3,8ACTE,Q,2022-Q4,1000,,,,
ABS:RES_DWELL(1.0.0),3,8ACTE,Q,2023-Q1,984,,,,
ABS:RES_DWELL(1.0.0),3,8ACTE,Q,2023-Q2,983,,,,
ABS:RES_DWELL(1.0.0),3,8ACTE,Q,2023-Q3,985,,,,
ABS:RES_DWELL(1.0.0),3,8ACTE,Q,2023-Q4,1000,,,,
ABS:RES_DWELL(1.0.0),3,8ACTE,Q,2024-Q1,985,,,,
ABS:RES_DWELL(1.0.0),3,8ACTE,Q,2024-Q2,990,,,,
ABS:RES_DWELL(1.0.0),3,8ACTE,Q,2024-Q3,1000,,,,
ABS:RES_DWELL(1.0.0),3,8ACTE,Q,2024-Q4,1000,,,,
ABS:RES_DWELL(1.0.0),3,8ACTE,Q,2025-Q1,975,,,,
ABS:RES_DWELL(1.0.0),3,8ACTE,Q,2025-Q2,1000,,,,
ABS:RES_DWELL(1.0.0),3,8ACTE,Q,2025-Q3,1028.5,,,,
ABS:RES_DWELL(1.0.0),3,8ACTE,Q,2025-Q4,1070,,,,
ABS:RES_DWELL(1.0.0),3,8ACTE,Q,2026-Q1,1071.3,,,,
ABS:RES_DWELL(1.0.0),3,4GADE,Q,2002-Q1,166,,,,
ABS:RES_DWELL(1.0.0),3,4GADE,Q,2002-Q2,175,,,,
ABS:RES_DWELL(1.0.0),3,4GADE,Q,2002-Q3,181,,,,
ABS:RES_DWELL(1.0.0),3,4GADE,Q,2002-Q4,195,,,,
ABS:RES_DWELL(1.0.0),3,4GADE,Q,2003-Q1,209.4,,,,
ABS:RES_DWELL(1.0.0),3,4GADE,Q,2003-Q2,220.5,,,,
ABS:RES_DWELL(1.0.0),3,4GADE,Q,2003-Q3,235,,,,
ABS:RES_DWELL(1.0.0),3,4GADE,Q,2003-Q4,247.5,,,,
ABS:RES_DWELL(1.0.0),3,4GADE,Q,2004-Q1,250,,,,
ABS:RES_DWELL(1.0.0),3,4GADE,Q,2004-Q2,257.5,,,,
ABS:RES_DWELL(1.0.0),3,4GADE,Q,2004-Q3,261,,,,
ABS:RES_DWELL(1.0.0),3,4GADE,Q,2004-Q4,270,,,,
ABS:RES_DWELL(1.0.0),3,4GADE,Q,2005-Q1,270,,,,
ABS:RES_DWELL(1.0.0),3,4GADE,Q,2005-Q2,271,,,,
ABS:RES_DWELL(1.0.0),3,4GADE,Q,2005-Q3,275,,,,
ABS:RES_DWELL(1.0.0),3,4GADE,Q,2005-Q4,280,,,,
ABS:RES_DWELL(1.0.0),3,4GADE,Q,2006-Q1,280,,,,
ABS:RES_DWELL(1.0.0),3,4GADE,Q,2006-Q2,286,,,,
ABS:RES_DWELL(1.0.0),3,4GADE,Q,2006-Q3,290,,,,
ABS:RES_DWELL(1.0.0),3,4GADE,Q,2006-Q4,300,,,,
ABS:RES_DWELL(1.0.0),3,4GADE,Q,2007-Q1,305,,,,
ABS:RES_DWELL(1.0.0),3,4GADE,Q,2007-Q2,315,,,,
ABS:RES_DWELL(1.0.0),3,4GADE,Q,2007-Q3,335,,,,
ABS:RES_DWELL(1.0.0),3,4GADE,Q,2007-Q4,358,,,,
ABS:RES_DWELL(1.0.0),3,4GADE,Q,2008-Q1,360,,,,
ABS:RES_DWELL(1.0.0),3,4GADE,Q,2008-Q2,365,,,,
ABS:RES_DWELL(1.0.0),3,4GADE,Q,2008-Q3,360,,,,
ABS:RES_DWELL(1.0.0),3,4GADE,Q,2008-Q4,355,,,,
ABS:RES_DWELL(1.0.0),3,4GADE,Q,2009-Q1,353.5,,,,
ABS:RES_DWELL(1.0.0),3,4GADE,Q,2009-Q2,363,,,,
ABS:RES_DWELL(1.0.0),3,4GADE,Q,2009-Q3,370,,,,
ABS:RES_DWELL(1.0.0),3,4GADE,Q,2009-Q4,398.8,,,,
ABS:RES_DWELL(1.0.0),3,4GADE,Q,2010-Q1,402,,,,
ABS:RES_DWELL(1.0.0),3,4GADE,Q,2010-Q2,410,,,,
ABS:RES_DWELL(1.0.0),3,4GADE,Q,2010-Q3,400,,,,
ABS:RES_DWELL(1.0.0),3,4GADE,Q,2010-Q4,410,,,,
ABS:RES_DWELL(1.0.0),3,4GADE,Q,2011-Q1,400,,,,
ABS:RES_DWELL(1.0.0),3,4GADE,Q,2011-Q2,395,,,,
ABS:RES_DWELL(1.0.0),3,4GADE,Q,2011-Q3,390,,,,
ABS:RES_DWELL(1.0.0),3,4GADE,Q,2011-Q4,385,,,,
ABS:RES_DWELL(1.0.0),3,4GADE,Q,2012-Q1,382,,,,
ABS:RES_DWELL(1.0.0),3,4GADE,Q,2012-Q2,385,,,,
ABS:RES_DWELL(1.0.0),3,4GADE,Q,2012-Q3,386,,,,
ABS:RES_DWELL(1.0.0),3,4GADE,Q,2012-Q4,395,,,,
ABS:RES_DWELL(1.0.0),3,4GADE,Q,2013-Q1,395,,,,
ABS:RES_DWELL(1.0.0),3,4GADE,Q,2013-Q2,395,,,,
ABS:RES_DWELL(1.0.0),3,4GADE,Q,2013-Q3,395,,,,
ABS:RES_DWELL(1.0.0),3,4GADE,Q,2013-Q4,412,,,,
ABS:RES_DWELL(1.0.0),3,4GADE,Q,2014-Q1,407,,,,
ABS:RES_DWELL(1.0.0),3,4GADE,Q,2014-Q2,405,,,,
ABS:RES_DWELL(1.0.0),3,4GADE,Q,2014-Q3,410,,,,
ABS:RES_DWELL(1.0.0),3,4GADE,Q,2014-Q4,425,,,,
ABS:RES_DWELL(1.0.0),3,4GADE,Q,2015-Q1,415.5,,,,
ABS:RES_DWELL(1.0.0),3,4GADE,Q,2015-Q2,420,,,,
ABS:RES_DWELL(1.0.0),3,4GADE,Q,2015-Q3,427.5,,,,
ABS:RES_DWELL(1.0.0),3,4GADE,Q,2015-Q4,436,,,,
ABS:RES_DWELL(1.0.0),3,4GADE,Q,2016-Q1,436,,,,
ABS:RES_DWELL(1.0.0),3,4GADE,Q,2016-Q2,440,,,,
ABS:RES_DWELL(1.0.0),3,4GADE,Q,2016-Q3,445,,,,
ABS:RES_DWELL(1.0.0),3,4GADE,Q,2016-Q4,447,,,,
ABS:RES_DWELL(1.0.0),3,4GADE,Q,2017-Q1,451.3,,,,
ABS:RES_DWELL(1.0.0),3,4GADE,Q,2017-Q2,450,,,,
ABS:RES_DWELL(1.0.0),3,4GADE,Q,2017-Q3,451,,,,
ABS:RES_DWELL(1.0.0),3,4GADE,Q,2017-Q4,470,,,,
ABS:RES_DWELL(1.0.0),3,4GADE,Q,2018-Q1,465,,,,
ABS:RES_DWELL(1.0.0),3,4GADE,Q,2018-Q2,468,,,,
ABS:RES_DWELL(1.0.0),3,4GADE,Q,2018-Q3,466.3,,,,
ABS:RES_DWELL(1.0.0),3,4GADE,Q,2018-Q4,480,,,,
ABS:RES_DWELL(1.0.0),3,4GADE,Q,2019-Q1,475,,,,
ABS:RES_DWELL(1.0.0),3,4GADE,Q,2019-Q2,478.5,,,,
ABS:RES_DWELL(1.0.0),3,4GADE,Q,2019-Q3,474,,,,
ABS:RES_DWELL(1.0.0),3,4GADE,Q,2019-Q4,485,,,,
ABS:RES_DWELL(1.0.0),3,4GADE,Q,2020-Q1,472,,,,
ABS:RES_DWELL(1.0.0),3,4GADE,Q,2020-Q2,487.5,,,,
ABS:RES_DWELL(1.0.0),3,4GADE,Q,2020-Q3,500,,,,
ABS:RES_DWELL(1.0.0),3,4GADE,Q,2020-Q4,512.5,,,,
ABS:RES_DWELL(1.0.0),3,4GADE,Q,2021-Q1,523,,,,
ABS:RES_DWELL(1.0.0),3,4GADE,Q,2021-Q2,550,,,,
ABS:RES_DWELL(1.0.0),3,4GADE,Q,2021-Q3,580,,,,
ABS:RES_DWELL(1.0.0),3,4GADE,Q,2021-Q4,630,,,,
ABS:RES_DWELL(1.0.0),3,4GADE,Q,2022-Q1,650,,,,
ABS:RES_DWELL(1.0.0),3,4GADE,Q,2022-Q2,663,,,,
ABS:RES_DWELL(1.0.0),3,4GADE,Q,2022-Q3,654,,,,
ABS:RES_DWELL(1.0.0),3,4GADE,Q,2022-Q4,675,,,,
ABS:RES_DWELL(1.0.0),3,4GADE,Q,2023-Q1,680,,,,
ABS:RES_DWELL(1.0.0),3,4GADE,Q,2023-Q2,702,,,,
ABS:RES_DWELL(1.0.0),3,4GADE,Q,2023-Q3,715,,,,
ABS:RES_DWELL(1.0.0),3,4GADE,Q,2023-Q4,750,,,,
ABS:RES_DWELL(1.0.0),3,4GADE,Q,2024-Q1,765,,,,
ABS:RES_DWELL(1.0.0),3,4GADE,Q,2024-Q2,785,,,,
ABS:RES_DWELL(1.0.0),3,4GADE,Q,2024-Q3,817.5,,,,
ABS:RES_DWELL(1.0.0),3,4GADE,Q,2024-Q4,850,,,,
ABS:RES_DWELL(1.0.0),3,4GADE,Q,2025-Q1,852,,,,
ABS:RES_DWELL(1.0.0),3,4GADE,Q,2025-Q2,868,,,,
ABS:RES_DWELL(1.0.0),3,4GADE,Q,2025-Q3,900,,,,
ABS:RES_DWELL(1.0.0),3,4GADE,Q,2025-Q4,956.5,,,,
ABS:RES_DWELL(1.0.0),3,4GADE,Q,2026-Q1,980,,,,
